,Entity,Code,Year,Game/Tonnes,Duck/Tonnes,Horse /Tonnes,Goose and Guinea Fowl/Tonnes,Sheep and Goat/Tonnes,Beef and Buffalo/Tonnes,Pig/Tonnes,Poultry/Tonnes,Fish and Seafood/Tonnes,Rye/Tonnes,Wheat/Tonnes,Cereals/Tonnes,Barley/Tonnes
0,Denmark,DNK,1961,3300.0,5000.0,3600.0,600.0,1200.0,140500.0,614300.0,83350.0,637490.0,513876,434057,5198900,2808149
1,Denmark,DNK,1962,3600.0,3200.0,2100.0,600.0,1100.0,177800.0,632100.0,88990.0,785100.0,512262,643992,5783409,3299515
2,Denmark,DNK,1963,3200.0,2000.0,2300.0,400.0,1100.0,180100.0,645400.0,81220.0,847900.0,319871,494060,5502930,3398857
3,Denmark,DNK,1964,4000.0,2400.0,2100.0,400.0,1200.0,156500.0,688000.0,95150.0,871060.0,291633,541454,6213090,3899590
4,Denmark,DNK,1965,4500.0,3000.0,1700.0,600.0,1400.0,154400.0,744000.0,83800.0,840830.0,264340,563769,6213087,4125804
5,Denmark,DNK,1966,4000.0,3700.0,1200.0,500.0,1900.0,195200.0,730900.0,68000.0,850800.0,136886,400474,5960293,4158559
6,Denmark,DNK,1967,4000.0,3200.0,1000.0,400.0,2700.0,218400.0,735000.0,66500.0,1070410.0,118398,420312,6152779,4382339
7,Denmark,DNK,1968,2800.0,3300.0,800.0,500.0,3000.0,207100.0,715100.0,64600.0,1466810.0,130780,464851,6785257,5047017
8,Denmark,DNK,1969,2900.0,3300.0,700.0,600.0,2500.0,193800.0,684400.0,68500.0,1275400.0,125898,428455,6775161,5255194
9,Denmark,DNK,1970,2500.0,3200.0,700.0,500.0,2000.0,191700.0,717300.0,78500.0,1226500.0,133190,512491,6231953,4813107
10,Denmark,DNK,1971,2500.0,3600.0,700.0,500.0,1400.0,194800.0,764300.0,80200.0,1400900.0,149960,585206,7026419,5457801
11,Denmark,DNK,1972,2500.0,3900.0,800.0,500.0,1100.0,170600.0,765300.0,85300.0,1442920.0,154854,592215,7067157,5571195
12,Denmark,DNK,1973,2500.0,4100.0,800.0,600.0,900.0,184500.0,773900.0,90100.0,1443660.0,139821,542247,6633316,5431928
13,Denmark,DNK,1974,3100.0,4000.0,700.0,400.0,600.0,238300.0,743900.0,95100.0,1835370.0,167604,591572,7261462,5967212
14,Denmark,DNK,1975,2600.0,4100.0,1163.0,300.0,525.0,235786.0,733941.0,90000.0,1767040.0,163233,519381,6251996,5156086
15,Denmark,DNK,1976,2600.0,4500.0,1457.0,300.0,446.0,242239.0,716480.0,97100.0,1919200.0,213103,592557,5902423,4801007
16,Denmark,DNK,1977,2600.0,4600.0,1934.0,400.0,426.0,243005.0,744264.0,102600.0,1806610.0,324423,605645,7377833,6142458
17,Denmark,DNK,1978,2500.0,5100.0,2448.0,600.0,413.0,237591.0,812380.0,98400.0,1750770.0,314889,642428,7491995,6300842
18,Denmark,DNK,1979,2400.0,4300.0,2562.0,300.0,395.0,253372.0,899074.0,99872.0,1741260.0,256614,589886,7689706,6661614
19,Denmark,DNK,1980,2617.0,4600.0,2279.0,300.0,420.0,245299.0,972200.0,96299.0,2032070.0,199298,652372,7070004,6044126
20,Denmark,DNK,1981,2623.0,4400.0,1900.0,300.0,363.0,237000.0,987000.0,103613.0,1859440.0,207871,834765,7276842,6043748
21,Denmark,DNK,1982,2686.0,3900.0,1491.0,500.0,418.0,230300.0,985500.0,110113.0,1931370.0,234550,1206971,7992679,6357063
22,Denmark,DNK,1983,2774.0,4500.0,1217.0,600.0,441.0,239400.0,1043000.0,111657.0,1870910.0,315363,1547845,6379865,4423400
23,Denmark,DNK,1984,2610.0,4300.0,1058.0,100.0,564.0,246708.0,1034574.0,110424.0,1851480.0,608119,2445877,9300369,6071697
24,Denmark,DNK,1985,2796.0,4300.0,983.0,100.0,663.0,236473.0,1083264.0,114522.0,1796990.0,564675,1972165,7956243,5250946
25,Denmark,DNK,1986,2827.0,4000.0,907.0,200.0,812.0,243151.0,1143976.0,115213.0,1849760.0,545959,2177228,7969109,5134266
26,Denmark,DNK,1987,2800.0,4400.0,900.0,200.0,915.0,234603.0,1148754.0,112647.0,1707820.0,512790,2284719,7183951,4291901
27,Denmark,DNK,1988,2850.0,4300.0,1000.0,100.0,1084.0,216730.0,1167446.0,116460.0,1974410.0,366317,2080441,8067500,5418649
28,Denmark,DNK,1989,2900.0,5800.0,1000.0,100.0,1172.0,204517.0,1163419.0,127663.0,1929290.0,487039,3224153,8795389,4959197
29,Denmark,DNK,1990,2990.0,4700.0,1000.0,100.0,1464.0,201699.0,1208480.0,131079.0,1517650.0,545019,3953412,9606978,4987406
30,Denmark,DNK,1991,3000.0,5141.0,990.0,117.0,1787.0,212536.0,1271896.0,138897.0,1793240.0,394634,3669852,9231245,5041193
31,Denmark,DNK,1992,3000.0,4877.0,890.0,158.0,1900.0,217000.0,1369700.0,155156.0,1997090.0,308333,3583011,6954231,2973674
32,Denmark,DNK,1993,3000.0,4400.0,979.0,179.0,2000.0,203100.0,1503700.0,167366.0,1654030.0,356000,4334000,8198500,3370000
33,Denmark,DNK,1994,4000.0,3900.0,900.0,60.0,1700.0,189300.0,1521000.0,172434.0,1916210.0,423066,3725194,7800025,3446065
34,Denmark,DNK,1995,3528.0,5400.0,800.0,60.0,1500.0,181700.0,1494000.0,172960.0,2043760.0,494600,4598500,9149900,3898400
35,Denmark,DNK,1996,3316.0,4100.0,800.0,120.0,1642.0,178000.0,1493700.0,170220.0,1723440.0,343000,4757742,9218042,3953000
36,Denmark,DNK,1997,3400.0,3800.0,900.0,100.0,1508.0,174800.0,1520600.0,175673.0,1866550.0,452519,4964703,9529361,3887000
37,Denmark,DNK,1998,3000.0,4200.0,700.0,100.0,1500.0,161800.0,1629300.0,190270.0,1599700.0,537657,4928375,9334138,3565308
38,Denmark,DNK,1999,3000.0,4962.0,800.0,111.0,1483.0,156588.0,1641800.0,202459.0,1447670.0,247782,4470745,8774275,3674621
39,Denmark,DNK,2000,3137.0,3838.0,700.0,86.0,1453.0,153900.0,1624500.0,201699.0,1577700.0,262468,4693422,9412662,3979794
40,Denmark,DNK,2001,3191.0,4721.0,700.0,86.0,1587.0,153400.0,1716000.0,216104.0,1552270.0,332358,4663938,9423086,3966181
41,Denmark,DNK,2002,3210.0,5196.0,900.0,105.0,1495.0,153500.0,1759000.0,217540.0,1474370.0,229501,4056240,8803709,4120861
42,Denmark,DNK,2003,3247.0,4500.0,800.0,94.0,1500.0,146500.0,1762000.0,199994.0,1068990.0,168526,4701382,9050937,3775593
43,Denmark,DNK,2004,3200.0,4500.0,682.0,86.0,1690.0,150000.0,1809500.0,192586.0,1133410.0,146200,4758500,8963200,3589100
44,Denmark,DNK,2005,3100.0,4244.0,762.0,45.0,1693.0,135921.0,1792829.0,187563.0,949610.0,132000,4887200,9283000,3797200
45,Denmark,DNK,2006,3000.0,4571.0,700.0,45.0,1743.0,128650.0,1748576.0,171281.0,904910.0,130000,4801600,8632300,3270300
46,Denmark,DNK,2007,3000.0,3.0,700.0,45.0,1783.0,129986.0,1802195.0,173115.0,684220.0,135300,4519200,8220200,3104200
47,Denmark,DNK,2008,3000.0,2.0,700.0,45.0,1756.0,128800.0,1707200.0,176784.0,725650.0,151500,5018700,9105500,3396000
48,Denmark,DNK,2009,3629.0,4.0,753.0,45.0,1827.0,127900.0,1585000.0,169128.0,811880.0,238100,5940400,10163800,3393800
49,Denmark,DNK,2010,3530.0,100.0,496.0,45.0,1726.0,132500.0,1668200.0,186985.0,863260.0,254700,5059900,8863200,2981300
50,Denmark,DNK,2011,3523.0,20.0,529.0,45.0,1634.0,134200.0,1720200.0,188832.0,751300.0,294300,4831000,8809200,3249800
51,Denmark,DNK,2012,3500.0,100.0,502.0,29.0,1348.0,126700.0,1669000.0,188081.0,536380.0,384400,4525100,9485400,4058700
52,Denmark,DNK,2013,3456.0,100.0,437.0,45.0,1535.0,128000.0,1589400.0,168455.0,704390.0,526800,4145200,9119687,3949900
53,Denmark,DNK,2014,3594.0,100.0,305.0,46.0,1662.0,125759.0,1593900.0,159728.0,779430.0,677800,5153300,9796378,3547600
54,Denmark,DNK,2015,3454.0,52.0,342.0,35.0,1749.0,120491.0,1600591.0,145301.0,904780.0,771700,5029300,10047500,3856000
55,Denmark,DNK,2016,3404.0,51.0,381.0,54.0,1594.0,129340.0,1579405.0,154245.0,706560.0,577200,4201500,9154326,3949600
56,Denmark,DNK,2017,3404.0,51.0,321.0,37.0,1585.0,124148.0,1532387.0,151810.0,942060.0,723200,4834100,10027261,3992300
57,Denmark,DNK,2018,1990.5,1200.0,297.0,34.0,1600.0,130200.0,1583100.0,147634.0,942060.0,476590,2623930,6923900,3445170
58,Denmark,DNK,2019,1990.5,1500.0,206.0,18.0,1600.0,125600.0,1500400.0,158418.0,942060.0,883510,4642090,9517830,3624560
59,Denmark,DNK,2020,1990.5,1300.0,1990.5,1990.5,1300.0,122430.0,1595630.0,166415.0,711620.0,699370,4070410,9467690,4156500
60,France,FRA,1961,1990.5,30000.0,102000.0,9000.0,105000.0,1448000.0,1188000.0,519700.0,692430.0,346810,9573520,20802475,5412790
61,France,FRA,1962,1990.5,30000.0,101000.0,9000.0,102200.0,1483000.0,1275000.0,538700.0,701120.0,355650,14053770,25305105,6003010
62,France,FRA,1963,1990.5,30000.0,104000.0,9000.0,93000.0,1454000.0,1215000.0,574700.0,734560.0,354460,10248960,25367307,7384040
63,France,FRA,1964,1990.5,30000.0,108000.0,9000.0,99100.0,1378000.0,1230000.0,611700.0,775140.0,388690,13837700,26050470,6790980
64,France,FRA,1965,1990.5,30000.0,103000.0,9000.0,106300.0,1402000.0,1320000.0,635700.0,807750.0,387410,14760000,29130754,7377700
65,France,FRA,1966,1990.5,32400.0,93400.0,9500.0,114100.0,1475000.0,1301000.0,473800.0,829710.0,356500,11296620,26737646,7421160
66,France,FRA,1967,1990.5,33400.0,76800.0,9800.0,116000.0,1583000.0,1374000.0,488250.0,838560.0,344400,14287540,32345675,9874340
67,France,FRA,1968,1990.5,33600.0,74600.0,9900.0,116000.0,1624000.0,1401000.0,492300.0,770690.0,326950,14984900,33237542,9139410
68,France,FRA,1969,1990.5,41353.0,79600.0,12192.0,113600.0,1552000.0,1297000.0,601467.0,775200.0,309010,14446000,33115628,9452070
69,France,FRA,1970,1990.5,43760.0,72800.0,12902.0,116400.0,1565000.0,1375000.0,636475.0,764650.0,287000,12649000,31443420,8154000
70,France,FRA,1971,1990.5,44790.0,65600.0,13206.0,128600.0,1613000.0,1491000.0,651459.0,791290.0,293730,15241000,36988610,8989000
71,France,FRA,1972,1990.5,49179.0,54900.0,14500.0,130850.0,1456000.0,1533000.0,715301.0,822590.0,328390,17996000,40481820,10466000
72,France,FRA,1973,1990.5,50906.0,45600.0,14716.0,128800.0,1460000.0,1527000.0,790840.0,835680.0,327200,17851008,43053408,10948470
73,France,FRA,1974,1990.5,48480.0,45900.0,13140.0,132900.0,1791000.0,1546000.0,820805.0,824370.0,330000,19007008,41069978,10035000
74,France,FRA,1975,1990.5,53262.0,46741.0,13461.0,138400.0,1745000.0,1587000.0,825570.0,809200.0,308000,15013000,35731890,9343510
75,France,FRA,1976,1990.5,54507.0,46945.0,12842.0,154400.0,1800100.0,1614000.0,871157.0,789110.0,297220,16126000,32729070,8530000
76,France,FRA,1977,1990.5,56000.0,46100.0,12820.0,152800.0,1651900.0,1648000.0,905180.0,813210.0,375000,17450000,39316140,10261390
77,France,FRA,1978,1990.5,60000.0,43600.0,13500.0,156000.0,1657900.0,1727000.0,962700.0,784370.0,455000,20967712,45454526,11321000
78,France,FRA,1979,1990.5,70000.0,41000.0,14750.0,168165.0,1823000.0,1803000.0,1033250.0,810560.0,355000,19544000,44266904,11196000
79,France,FRA,1980,1990.5,48000.0,37200.0,11300.0,181600.0,1838000.0,1803000.0,1114300.0,834050.0,408500,23781008,48024778,11692000
80,France,FRA,1981,1990.5,50000.0,30500.0,11100.0,184748.0,1836200.0,1720000.0,1235100.0,805480.0,341600,23762000,45941700,10102000
81,France,FRA,1982,1990.5,53000.0,28400.0,8700.0,194800.0,1745000.0,1675000.0,1329700.0,829380.0,322300,25358000,48668500,10036000
82,France,FRA,1983,1990.5,59000.0,27300.0,10000.0,186600.0,1812000.0,1676000.0,1284000.0,798960.0,293000,24745008,46397398,8772690
83,France,FRA,1984,1990.5,68000.0,28500.0,10000.0,185100.0,1991000.0,1684000.0,1249000.0,851380.0,349000,32977008,58144290,11508882
84,France,FRA,1985,1990.5,72400.0,28000.0,8043.0,188200.0,1893000.0,1662000.0,1271443.0,885880.0,296800,28784000,55684180,11442120
85,France,FRA,1986,1990.5,80100.0,20000.0,10540.0,181600.0,1911000.0,1677000.0,1330940.0,859780.0,229000,26474784,50373694,10062990
86,France,FRA,1987,1990.5,91800.0,20000.0,10729.0,182341.0,1963000.0,1729000.0,1404429.0,896390.0,299000,27414576,52939096,10489020
87,France,FRA,1988,1990.5,94300.0,16450.0,10489.0,176728.0,1828000.0,1852000.0,1450089.0,860830.0,268000,29038496,56071405,9883200
88,France,FRA,1989,1990.5,104000.0,14326.0,10939.0,176082.0,1673000.0,1844000.0,1559139.0,877370.0,260808,31822304,57603036,9840353
89,France,FRA,1990,1990.5,109000.0,13383.0,7000.0,194218.0,1911747.0,1726800.0,1604500.0,827100.0,235300,33345808,55110621,9995700
90,France,FRA,1991,1990.5,163621.0,13999.0,9482.0,177781.0,2026068.0,1772700.0,2248529.0,836590.0,213147,34362204,60262165,10603446
91,France,FRA,1992,1990.5,183044.0,12948.0,9304.0,171599.0,1876800.0,1903000.0,2250199.0,897090.0,197444,32490755,60473757,10434732
92,France,FRA,1993,1990.5,194591.0,11700.0,9256.0,167819.0,1703800.0,2033900.0,2470971.0,905250.0,165732,29200263,55422574,8909135
93,France,FRA,1994,1990.5,204182.0,10200.0,8752.0,162152.0,1626800.0,2116400.0,2683344.0,893580.0,162626,30493197,53185121,7566309
94,France,FRA,1995,1990.5,213904.0,9900.0,8552.0,160852.0,1683300.0,2144000.0,2810225.0,844300.0,176635,30869729,53284876,7590270
95,France,FRA,1996,1990.5,225810.0,11000.0,7522.0,160396.0,1737000.0,2161000.0,3096272.0,854150.0,202295,35935157,62253509,9403955
96,France,FRA,1997,1990.5,247831.0,10800.0,7386.0,157625.0,1720000.0,2219000.0,3239634.0,811160.0,178924,33862198,63031639,10004032
97,France,FRA,1998,1990.5,267759.0,10400.0,7025.0,156214.0,1632000.0,2328000.0,3247205.0,850450.0,192857,39801138,67947148,10430957
98,France,FRA,1999,1990.5,269243.0,9700.0,7447.0,156231.0,1609000.0,2353000.0,2876931.0,892840.0,164363,36950991,64264518,9376404
99,France,FRA,2000,1990.5,234107.0,10900.0,6067.0,156790.0,1527600.0,2312000.0,2147673.0,864220.0,145671,37355957,65732235,9709332
100,France,FRA,2001,1990.5,249290.0,12200.0,5882.0,156320.0,1561442.0,2315200.0,2174169.0,881710.0,115961,31545319,60300838,9797468
101,France,FRA,2002,1990.5,253451.0,10200.0,5744.0,153776.0,1646277.0,2346000.0,2045519.0,878860.0,138245,38936515,69700576,10974840
102,France,FRA,2003,1990.5,259884.0,8000.0,5893.0,151712.0,1632047.0,2339000.0,1952921.0,842450.0,112338,30479362,55099559,9848186
103,France,FRA,2004,1990.5,253211.0,6862.0,6138.0,150670.0,1577971.0,2292572.0,1893528.0,819860.0,170359,39690180,70642016,11033331
104,France,FRA,2005,1990.5,260465.0,6258.0,5451.0,150844.0,1546741.0,2274000.0,1885425.0,816110.0,146808,36886103,64210068,10313589
105,France,FRA,2006,1990.5,261352.0,5575.0,5040.0,150190.0,1486675.0,2010769.0,1715163.0,760430.0,121464,35363563,61820445,10400576
106,France,FRA,2007,1990.5,290193.0,5100.0,5192.0,146882.0,1502561.0,2031200.0,1835453.0,708660.0,119823,32763446,59578778,9473584
107,France,FRA,2008,1990.5,272058.0,4600.0,5337.0,141313.0,1502901.0,2274108.0,1776337.0,666250.0,123458,39006372,70418033,12170629
108,France,FRA,2009,1990.5,264484.0,4500.0,5406.0,137471.0,1515808.0,2261593.0,1725576.0,631840.0,129784,38336865,70373160,12879004
109,France,FRA,2010,1990.5,282318.0,4700.0,5164.0,130782.0,1530258.0,2254688.0,1757257.0,647180.0,151038,38207431,65839203,10101597
110,France,FRA,2011,1990.5,290902.0,5000.0,5039.0,126983.0,1566806.0,2217368.0,1781761.0,636320.0,124422,35992794,63954885,8775155
111,France,FRA,2012,1990.5,279871.0,5300.0,4953.0,126070.0,1493865.0,2161653.0,1766875.0,670370.0,160301,37885742,68341732,11341189
112,France,FRA,2013,1990.5,277093.0,5800.0,4775.0,123438.0,1400331.0,2130578.0,1743070.0,676620.0,143076,38651472,67537681,10315285
113,France,FRA,2014,1990.5,283062.0,5636.0,4748.0,122270.0,1410854.0,2120315.0,1808197.0,648680.0,128197,38950202,72579315,11728556
114,France,FRA,2015,1990.5,286918.0,5665.0,4575.0,120452.0,1447906.0,2148452.0,1804992.0,667200.0,123587,42750027,72875853,13098234
115,France,FRA,2016,1990.5,239158.0,5673.0,2850.0,116340.0,1466099.0,2170418.0,1784205.0,661640.0,97001,29316331,54398704,10439229
116,France,FRA,2017,1990.5,210786.0,5674.0,2374.0,112166.0,1432780.0,2147550.0,1750584.0,661640.0,109715,38677896,68730245,12086796
117,France,FRA,2018,1990.5,225000.0,1990.5,2391.0,87590.0,1460000.0,2181530.0,1689391.0,661640.0,108540,35424140,61839480,11042820
118,France,FRA,2019,1990.5,219000.0,1990.5,1990.5,87200.0,1428460.0,2200350.0,1659500.0,748670.0,135360,40604960,70378890,13565420
119,France,FRA,2020,1990.5,192000.0,1990.5,1990.5,86410.0,1434590.0,2201110.0,1645450.0,782420.0,131780,30144110,56849840,10273570
120,Germany,DEU,1961,17000.0,10080.0,25600.0,2000.0,42648.0,1296200.0,2671400.0,169180.0,837580.0,4019138,5076707,17257340,3669020
121,Germany,DEU,1962,17000.0,10080.0,22600.0,2000.0,37744.0,1372900.0,2642400.0,169280.0,850030.0,4691933,5906465,21166661,4908212
122,Germany,DEU,1963,17000.0,10980.0,18700.0,2000.0,35420.0,1402000.0,2722600.0,184980.0,864690.0,4913880,6135981,20970320,4759281
123,Germany,DEU,1964,17000.0,12960.0,18700.0,2000.0,32220.0,1362900.0,2931500.0,209360.0,881650.0,5499179,6551198,22737326,5411377
124,Germany,DEU,1965,18000.0,14040.0,16700.0,3000.0,28700.0,1331000.0,3049000.0,218040.0,951500.0,4734743,6149342,20620142,5015922
125,Germany,DEU,1966,17000.0,16020.0,14700.0,3000.0,26980.0,1441495.0,3030000.0,243420.0,986660.0,4338244,6053960,20742474,5394619
126,Germany,DEU,1967,17000.0,19080.0,11700.0,3000.0,22380.0,1469476.0,3137000.0,275480.0,970710.0,5148055,7830615,25380099,6661234
127,Germany,DEU,1968,18000.0,19980.0,10700.0,3000.0,21590.0,1522092.0,3399000.0,285980.0,939500.0,5125650,8575084,26898318,7094694
128,Germany,DEU,1969,18000.0,21060.0,10700.0,3000.0,21976.0,1560173.0,3401900.0,305860.0,846310.0,4432537,7987161,25853039,7197820
129,Germany,DEU,1970,20000.0,24000.0,9379.0,4000.0,21834.0,1663194.0,3398600.0,343100.0,761510.0,4148214,7794037,23753864,6679942
130,Germany,DEU,1971,20000.0,24000.0,8854.0,3000.0,23334.0,1674235.0,3592800.0,370600.0,850950.0,4785268,9631772,28685065,8059814
131,Germany,DEU,1972,20000.0,24000.0,7603.0,3000.0,24595.0,1518828.0,3655100.0,371200.0,897600.0,4821102,9351589,28780064,8589445
132,Germany,DEU,1973,20000.0,25000.0,6423.0,3000.0,26510.0,1574600.0,3622100.0,411800.0,828130.0,4275322,9995657,29680306,9470073
133,Germany,DEU,1974,20000.0,22000.0,6472.0,2000.0,31500.0,1748900.0,3818200.0,374800.0,744510.0,4508515,10914574,32357236,10470170
134,Germany,DEU,1975,20000.0,19000.0,6310.0,2000.0,38363.0,1718820.0,3939364.0,415367.0,655550.0,3687863,9749836,30164053,10651467
135,Germany,DEU,1976,20000.0,15000.0,6908.0,2000.0,42024.0,1717900.0,3957322.0,427459.0,625090.0,3555156,9416595,27323692,9943301
136,Germany,DEU,1977,22000.0,18000.0,7450.0,2000.0,39895.0,1694600.0,4021700.0,463250.0,590770.0,4183697,10149096,30306879,11263901
137,Germany,DEU,1978,21000.0,17000.0,8700.0,2000.0,41481.0,1784500.0,4204500.0,497646.0,562570.0,4352273,11265143,33762346,12742537
138,Germany,DEU,1979,21000.0,19000.0,7700.0,2000.0,43766.0,1854400.0,4311400.0,516268.0,585030.0,3944116,11177128,31729504,11506946
139,Germany,DEU,1980,20000.0,17000.0,8110.0,2000.0,45510.0,1892590.0,4418200.0,534683.0,551640.0,4014909,11253864,32712941,12804914
140,Germany,DEU,1981,21000.0,18000.0,8150.0,2000.0,42410.0,1922770.0,4450100.0,541000.0,544750.0,3526418,11254906,31688884,12162538
141,Germany,DEU,1982,21000.0,14400.0,8271.0,2000.0,41675.0,1855427.0,4294622.0,537800.0,553760.0,3758189,11370906,34645710,13514568
142,Germany,DEU,1983,20000.0,18000.0,8484.0,2000.0,41771.0,1854174.0,4408548.0,511200.0,426460.0,3691751,12548219,33077787,12826105
143,Germany,DEU,1984,19000.0,19000.0,8919.0,2300.0,44444.0,1982190.0,4494916.0,515500.0,415390.0,4441092,14125965,37838589,14422165
144,Germany,DEU,1985,19000.0,20000.0,8413.0,2750.0,43476.0,1993137.0,4619740.0,516700.0,399720.0,4326425,13801524,37555294,14056190
145,Germany,DEU,1986,19000.0,22000.0,6782.0,4600.0,42108.0,2109861.0,4703207.0,531100.0,393110.0,4174345,14601295,37257105,13670473
146,Germany,DEU,1987,18000.0,23000.0,6462.0,5500.0,47831.0,2098518.0,4734480.0,563000.0,412660.0,3881936,13971181,35061112,12769531
147,Germany,DEU,1988,16000.0,25000.0,6165.0,5500.0,40917.0,1987982.0,4663142.0,581500.0,390740.0,3363909,15620731,36931897,13385605
148,Germany,DEU,1989,16000.0,26000.0,6008.0,5900.0,42606.0,1953392.0,4477995.0,566400.0,310590.0,3900328,14509067,36881160,14399172
149,Germany,DEU,1990,15000.0,23000.0,5923.0,6804.0,50253.0,2111968.0,4456982.0,573504.0,313540.0,3988381,15241870,37579589,13992013
150,Germany,DEU,1991,22930.0,21465.0,4711.0,5700.0,49861.0,2180707.0,3812600.0,523588.0,322510.0,3323460,16611967,39267858,14493757
151,Germany,DEU,1992,29000.0,25000.0,4730.0,4000.0,43900.0,1789700.0,3584900.0,593000.0,279010.0,2422466,15541661,34758462,12196452
152,Germany,DEU,1993,27000.0,28000.0,4623.0,3000.0,40800.0,1570337.0,3645800.0,604000.0,303990.0,2983550,15766533,35547425,11005635
153,Germany,DEU,1994,27000.0,30000.0,4479.0,3000.0,40000.0,1420300.0,3604000.0,634000.0,319650.0,3450605,16480510,36328713,10902517
154,Germany,DEU,1995,90000.0,33700.0,4400.0,3000.0,41700.0,1407800.0,3602400.0,641700.0,324780.0,4521270,17763312,39863871,11891143
155,Germany,DEU,1996,90000.0,34600.0,4067.0,3800.0,43000.0,1481800.0,3635000.0,692800.0,339110.0,4213855,18921683,42135618,12074051
156,Germany,DEU,1997,90000.0,33490.0,4582.0,4500.0,44170.0,1447600.0,3563800.0,724790.0,317420.0,4580140,19826755,45485681,13398820
157,Germany,DEU,1998,90000.0,37130.0,4756.0,4500.0,44456.0,1367000.0,3834100.0,735130.0,269970.0,4774799,20187491,44574851,12512262
158,Germany,DEU,1999,90000.0,38050.0,4555.0,4000.0,44070.0,1374000.0,4102600.0,748050.0,262550.0,4328712,19615366,44452029,13300984
159,Germany,DEU,2000,90000.0,31569.0,4500.0,1633.0,48106.0,1303500.0,3981900.0,790202.0,271620.0,4154095,21621548,45271234,12105820
160,Germany,DEU,2001,79057.0,32990.0,4366.0,1793.0,46422.0,1361500.0,4074324.0,849783.0,331930.0,5132349,22837837,49709326,13494587
161,Germany,DEU,2002,70596.0,37481.0,3316.0,1681.0,44108.0,1316375.0,4110155.0,880662.0,315580.0,3665996,20817740,43391325,10927970
162,Germany,DEU,2003,58000.0,42272.0,2951.0,1702.0,46002.0,1226235.0,4239310.0,953974.0,326050.0,2277416,19259811,39426039,10595573
163,Germany,DEU,2004,59000.0,36993.0,2816.0,1713.0,48794.0,1258000.0,4323400.0,1038847.0,328420.0,3829957,25427210,51097000,12992870
164,Germany,DEU,2005,60000.0,40071.0,2610.0,1710.0,49582.0,1166900.0,4499991.0,1031663.0,335500.0,2793500,23692700,45980200,11613800
165,Germany,DEU,2006,65000.0,38514.0,2526.0,1715.0,43854.0,1193180.0,4662498.0,1024643.0,318260.0,2643700,22427900,43474800,11966600
166,Germany,DEU,2007,67000.0,55795.0,2568.0,2057.0,44365.0,1185724.0,4985177.0,1120428.0,282950.0,2698282,20828077,40632149,10384218
167,Germany,DEU,2008,70000.0,60807.0,2507.0,2170.0,39008.0,1199431.0,5121607.0,1246231.0,283840.0,3744245,25988564,50104858,11967114
168,Germany,DEU,2009,70000.0,62492.0,2459.0,2378.0,39004.0,1189615.0,5264505.0,1288744.0,273020.0,4270029,25192350,49750199,12288100
169,Germany,DEU,2010,70839.0,61354.0,2607.0,2650.0,38856.0,1205002.0,5488369.0,1379619.0,240770.0,2900438,23782955,44038739,10326918
170,Germany,DEU,2011,69456.0,57310.0,3118.0,2639.0,40431.0,1170376.0,5616074.0,1423183.0,260400.0,2520900,22782700,41920400,8733800
171,Germany,DEU,2012,67361.0,57562.0,3148.0,2623.0,37064.0,1146255.0,5474021.0,1427633.0,268780.0,3878400,22409300,45396500,10391300
172,Germany,DEU,2013,66983.0,44877.0,2877.0,2788.0,33593.0,1116507.0,5506772.0,1456680.0,291650.0,4689100,25019100,47757100,10343600
173,Germany,DEU,2014,62963.0,49300.0,2337.0,4900.0,30945.0,1142603.0,5527769.0,1550400.0,312990.0,3854400,27784700,52010400,11562800
174,Germany,DEU,2015,51691.0,47100.0,2270.0,4900.0,32580.0,1132340.0,5570490.0,1544200.0,284220.0,3487800,26549500,48866800,11629900
175,Germany,DEU,2016,60546.0,41245.0,2193.0,3074.0,32003.0,1155483.0,5589639.0,1526652.0,284220.0,3173800,24463800,45364400,10730500
176,Germany,DEU,2017,58400.0,35998.0,1964.0,2920.0,31570.0,1137008.0,5505572.0,1514081.0,284220.0,2737400,24481600,45556800,10853400
177,Germany,DEU,2018,1990.5,39000.0,1811.0,3127.0,34000.0,1109000.0,5350000.0,1530127.0,32099.998046875,2201400,20263500,37948100,9583600
178,Germany,DEU,2019,1990.5,34000.0,1350.0,2866.0,35000.0,1107000.0,5232000.0,1543866.0,29000.0,3237600,23062600,44302400,11591500
179,Germany,DEU,2020,1990.5,26508.0,1990.5,1990.5,40000.0,1091000.0,5118000.0,1571538.0,27600.0,3513400,22172100,43265100,10769200
180,Ireland,IRL,1961,1990.5,1400.0,1020.0,1000.0,37211.0,144539.0,106697.0,17400.0,31900.0,1219,469900,1367919,515400
181,Ireland,IRL,1962,1990.5,1200.0,2119.0,1000.0,47017.0,125689.0,112162.0,17000.0,35700.0,1016,439000,1439216,603200
182,Ireland,IRL,1963,1990.5,1000.0,2301.0,1000.0,47895.0,129513.0,115046.0,18600.0,39700.0,1016,300600,1258816,588900
183,Ireland,IRL,1964,1990.5,1000.0,3249.0,920.0,46765.0,112798.0,120295.0,20200.0,50200.0,1400,271600,1136399,550699
184,Ireland,IRL,1965,1990.5,1000.0,3387.0,920.0,44748.0,112943.0,139013.0,21370.0,53100.0,1052,232660,1173711,615730
185,Ireland,IRL,1966,1990.5,1400.0,3264.0,800.0,48513.0,135257.0,125529.0,24580.0,66500.0,1100,185300,1107600,638200
186,Ireland,IRL,1967,1990.5,1200.0,4483.0,760.0,45418.0,222957.0,109166.0,24780.0,78900.0,1000,298000,1269300,676700
187,Ireland,IRL,1968,1990.5,1200.0,3855.0,760.0,44115.0,192949.0,122623.0,28520.0,74110.0,600,412300,1450800,752400
188,Ireland,IRL,1969,1990.5,1200.0,2498.0,760.0,43671.0,197955.0,143835.0,30460.0,92110.0,1000,362800,1403200,788000
189,Ireland,IRL,1970,1990.5,1200.0,2798.0,720.0,39693.0,216339.0,144081.0,30320.0,90810.0,1000,381000,1371000,782000
190,Ireland,IRL,1971,1990.5,1200.0,2457.0,720.0,47280.0,236040.0,154160.0,34750.0,89590.0,1000,380200,1580400,992000
191,Ireland,IRL,1972,1990.5,1200.0,2150.0,760.0,45021.0,204507.0,160294.0,39000.0,88420.0,1000,270400,1431400,981100
192,Ireland,IRL,1973,1990.5,1600.0,2320.0,800.0,43363.0,207300.0,143000.0,43000.0,95040.0,800,228900,1296500,904600
193,Ireland,IRL,1974,1990.5,1600.0,2086.0,800.0,45000.0,342000.0,131000.0,37000.0,93880.0,900,245000,1440900,1038000
194,Ireland,IRL,1975,1990.5,1600.0,3079.0,760.0,46000.0,420000.0,99000.0,35160.0,104310.0,700,195000,1379700,1019000
195,Ireland,IRL,1976,1990.5,1400.0,3504.0,720.0,37000.0,328000.0,123000.0,41000.0,93240.0,1000,200000,1253000,922000
196,Ireland,IRL,1977,1990.5,2000.0,3494.0,720.0,37000.0,384800.0,130000.0,43000.0,150030.0,1000,250000,1833000,1445000
197,Ireland,IRL,1978,1990.5,2000.0,2680.0,720.0,41000.0,388700.0,135000.0,43720.0,191240.0,1000,253000,1768000,1396000
198,Ireland,IRL,1979,1990.5,2000.0,1972.0,680.0,39000.0,387900.0,151700.0,48580.0,212940.0,1000,252000,1916000,1558000
199,Ireland,IRL,1980,1990.5,2000.0,2727.0,640.0,42000.0,446400.0,153400.0,49440.0,204170.0,800,272000,2064800,1701000
200,Ireland,IRL,1981,1990.5,2400.0,2782.0,680.0,44000.0,316300.0,149900.0,51980.0,210150.0,800,286000,2046800,1670000
201,Ireland,IRL,1982,1990.5,2200.0,2482.0,680.0,40500.0,344900.0,153300.0,57580.0,230590.0,700,400000,2177700,1676000
202,Ireland,IRL,1983,1990.5,2200.0,2121.0,680.0,39800.0,353000.0,160900.0,57580.0,231220.0,700,387000,1990700,1503000
203,Ireland,IRL,1984,1990.5,1600.0,1908.0,680.0,40919.0,402281.0,144000.0,58980.0,250860.0,800,602000,2513800,1770000
204,Ireland,IRL,1985,1990.5,400.0,1570.0,640.0,48300.0,448226.0,135499.0,61440.0,260350.0,800,495000,2095800,1494000
205,Ireland,IRL,1986,1990.5,800.0,670.0,640.0,46191.0,509443.0,137079.0,66540.0,207640.0,800,424000,1954800,1428000
206,Ireland,IRL,1987,1990.5,1000.0,659.0,640.0,47525.0,483620.0,140584.0,75240.0,242390.0,800,402000,2107800,1599000
207,Ireland,IRL,1988,1990.5,1400.0,453.0,640.0,49700.0,459100.0,147500.0,81340.0,261019.984375,800,455000,2077800,1475000
208,Ireland,IRL,1989,1990.5,1400.0,265.0,640.0,63000.0,432400.0,143900.0,80840.0,276340.0,800,459000,1918800,1325000
209,Ireland,IRL,1990,1990.5,1400.0,49.0,640.0,86000.0,515000.0,157000.0,91312.0,308730.0,820,598000,1965820,1223000
210,Ireland,IRL,1991,1990.5,1400.0,136.0,640.0,86300.0,557100.0,179600.0,99440.0,322570.0,400,674000,1968048,1148000
211,Ireland,IRL,1992,1990.5,1800.0,460.0,640.0,89200.0,568200.0,202300.0,91640.0,415470.0,439,714000,2025771,1168000
212,Ireland,IRL,1993,1990.5,1800.0,511.0,640.0,95800.0,528500.0,212000.0,90290.0,367010.0,457,539000,1633159,958000
213,Ireland,IRL,1994,1990.5,1900.0,550.0,640.0,90700.0,447800.0,214800.0,99640.0,329510.0,468,572000,1618110,910000
214,Ireland,IRL,1995,1990.5,2300.0,500.0,640.0,87600.0,481100.0,211200.0,99840.0,366890.0,477,583000,1803330,1084000
215,Ireland,IRL,1996,1990.5,2500.0,700.0,640.0,88500.0,538400.0,210700.0,104140.0,327140.0,485,771000,2150592,1225000
216,Ireland,IRL,1997,1990.5,2600.0,1350.0,640.0,75500.0,569500.0,219900.0,108840.0,327540.0,492,725000,1952836,1087000
217,Ireland,IRL,1998,1990.5,2000.0,700.0,640.0,86700.0,594800.0,241600.0,109640.0,417370.0,500,673000,1875440,1073000
218,Ireland,IRL,1999,1990.5,2000.0,1000.0,640.0,90300.0,643800.0,249700.0,126640.0,345190.0,507,597000,2025967,1278000
219,Ireland,IRL,2000,1990.5,2000.0,1500.0,1280.0,82900.0,576900.0,230400.0,123280.0,328730.0,514,737400,2177490,1309900
220,Ireland,IRL,2001,1990.5,2000.0,1500.0,1280.0,78100.0,579400.0,239800.0,123280.0,338590.0,522,769200,2169041,1277200
221,Ireland,IRL,2002,1990.5,2400.0,2200.0,1280.0,66500.0,540000.0,229700.0,122680.0,327690.0,529,867200,1966955,962800
222,Ireland,IRL,2003,1990.5,2400.0,2000.0,1280.0,63300.0,568000.0,218800.0,122680.0,264890.0,536,794100,2152353,1197700
223,Ireland,IRL,2004,1990.5,2000.0,2075.0,1280.0,71800.0,563600.0,204300.0,127780.0,271970.0,542,1019200,2507508,1326600
224,Ireland,IRL,2005,1990.5,2400.0,2000.0,1280.0,73300.0,546000.0,205800.0,129180.0,250210.0,549,802700,1947926,1024400
225,Ireland,IRL,2006,1990.5,2400.0,1650.0,1200.0,70300.0,537300.0,209000.0,123000.0,316300.0,556,801000,2090356,1136900
226,Ireland,IRL,2007,1990.5,3200.0,1600.0,1200.0,65800.0,580800.0,205300.0,115800.0,365430.0,562,713400,2006462,1124500
227,Ireland,IRL,2008,1990.5,3200.0,1625.0,1200.0,58800.0,537300.0,202400.0,117150.0,258220.0,569,992800,2463993,1294100
228,Ireland,IRL,2009,1990.5,3200.0,1650.0,1200.0,55100.0,514500.0,195600.0,118900.0,312020.0,575,690100,2066175,1227300
229,Ireland,IRL,2010,1990.5,3200.0,2000.0,1200.0,47700.0,559100.0,214300.0,115400.0,280610.0,581,669200,2043781,1223100
230,Ireland,IRL,2011,1990.5,3200.0,3000.0,1200.0,48300.0,547100.0,233800.0,119400.0,308030.0,587,929200,2512187,1412000
231,Ireland,IRL,2012,1990.5,3139.0,4300.0,1200.0,53600.0,495400.0,241400.0,119798.0,274450.0,600,707900,2127500,1260700
232,Ireland,IRL,2013,1990.5,3112.0,4400.0,1193.0,57600.0,517600.0,239300.0,118996.0,270550.0,600,545300,2403000,1662800
233,Ireland,IRL,2014,1990.5,3200.0,3511.0,1200.0,57700.0,582100.0,254100.0,120836.0,292220.0,604,717000,2599817,1731200
234,Ireland,IRL,2015,1990.5,3263.0,3659.0,1203.0,58400.0,564100.0,276400.0,121660.0,292220.0,618,696600,2635749,1739200
235,Ireland,IRL,2016,1990.5,3440.0,3659.0,1217.0,61000.0,588400.0,282700.0,124323.0,292220.0,622,647700,2312985,1479900
236,Ireland,IRL,2017,1990.5,3463.0,3279.0,1222.0,67100.0,617000.0,294200.0,145935.0,243910.0,629,681679,2394646,1505811
237,Ireland,IRL,2018,1990.5,1990.5,1990.5,1990.5,68410.0,622540.0,303270.0,145460.0,222310.0,0,485480,1784900,1181560
238,Ireland,IRL,2019,1990.5,1990.5,1990.5,1990.5,66040.0,619800.0,304370.0,153990.0,233650.0,0,595360,2267990,1479600
239,Ireland,IRL,2020,1990.5,1990.5,1990.5,1990.5,66230.0,633380.0,320130.0,165700.0,325590.0,0,364920,1892640,1347460
240,Italy,ITA,2017,1990.5,3270.0,7792.0,68.0,35025.0,756421.0,1466949.0,1318640.0,354850.0,95900,8301200,13933400,278700
241,Italy,ITA,2018,1990.5,3600.0,5618.0,56.0,37080.0,831548.0,1487000.0,1276626.0,370660.0,92900,9496900,14433210,285400
242,Italy,ITA,2019,1990.5,1890.0,5767.0,25.0,34150.0,801097.0,1464490.0,1357885.0,374050.0,76800,8126800,13324660,280300
243,Italy,ITA,2020,1990.5,1700.0,1990.5,1990.5,31270.0,752609.0,1286690.0,1381879.0,365110.0,85700,8585800,14007520,251500
244,Italy,ITA,1961,1990.5,1990.5,46250.0,1990.5,40300.0,677300.0,391800.0,263200.0,371130.0,83200,9775900,14531270,284700
245,Italy,ITA,1962,1990.5,1990.5,47300.0,1990.5,42700.0,724900.0,395700.0,310200.0,415750.0,83300,9399600,14377630,252700
246,Italy,ITA,1963,1990.5,1990.5,46771.0,1990.5,41300.0,678800.0,374700.0,362100.0,424440.0,81500,9595600,15165050,295000
247,Italy,ITA,1964,1990.5,1990.5,43900.0,1990.5,41000.0,635800.0,471900.0,431200.0,437060.0,75100,9655400,15047330,258100
248,Italy,ITA,1965,1990.5,1990.5,40659.0,1990.5,38200.0,676200.0,478100.0,515000.0,422390.0,70700,9584600,15848360,291900
249,Italy,ITA,1966,1990.5,1990.5,38622.0,1990.5,42300.0,813100.0,435500.0,556500.0,466490.0,68500,9688600,16153080,314600
250,Italy,ITA,1967,1990.5,1990.5,37166.0,1990.5,44300.0,889700.0,460900.0,540000.0,448190.0,54500,9993900,16341770,372500
251,Italy,ITA,1968,1990.5,1990.5,39618.0,1990.5,45500.0,971800.0,541900.0,566700.0,469500.0,38000,9255000,15616689,382000
252,Italy,ITA,1969,1990.5,1990.5,47820.0,1990.5,50132.0,1027134.0,533401.0,581700.0,421390.0,37000,8811400,15746610,449500
253,Italy,ITA,1970,1990.5,1990.5,51000.0,1990.5,54800.0,1076600.0,593200.0,628900.0,448740.0,36000,9576700,16640396,552000
254,Italy,ITA,1971,1990.5,1990.5,52400.0,1990.5,54300.0,1083600.0,644000.0,656000.0,480030.0,37400,9480000,16921900,639500
255,Italy,ITA,1972,1990.5,1990.5,55900.0,1990.5,53100.0,1027300.0,665700.0,712100.0,502290.0,35100,9105800,16495300,725000
256,Italy,ITA,1973,1990.5,1990.5,49800.0,1990.5,48900.0,1061700.0,689200.0,798900.0,511020.0,31300,6238300,14409200,666900
257,Italy,ITA,1974,1990.5,1990.5,45800.0,1990.5,45900.0,1075500.0,738000.0,826000.0,534040.0,35000,9190500,17662800,818600
258,Italy,ITA,1975,1990.5,1990.5,51900.0,1990.5,49300.0,965400.0,786700.0,853100.0,541060.0,37200,8980300,17621700,813400
259,Italy,ITA,1976,1990.5,1990.5,55700.0,1990.5,49632.0,1017600.0,815880.0,899900.0,578220.0,35600,9156000,17995200,946700
260,Italy,ITA,1977,1990.5,1990.5,57400.0,1990.5,64833.0,1051900.0,904100.0,918900.0,583700.0,30800,8830300,18457268,982600
261,Italy,ITA,1978,1990.5,1990.5,59010.0,1990.5,63175.0,1023837.0,966559.0,959300.0,561200.0,31400,8968300,18337400,1073900
262,Italy,ITA,1979,1990.5,1990.5,57379.0,1990.5,68028.0,1105594.0,1033388.0,987700.0,552880.0,26900,8717400,18081100,1188200
263,Italy,ITA,1980,1990.5,1990.5,52204.0,1990.5,71740.0,1147859.0,1085494.0,1015860.0,568950.0,24300,10057300,19927800,1617800
264,Italy,ITA,1981,1990.5,1990.5,48131.0,1990.5,68663.0,1110788.0,1105835.0,1018090.0,547090.0,22800,8460700,18028600,1629500
265,Italy,ITA,1982,1990.5,1990.5,44679.0,1990.5,67720.0,1107006.0,1108064.0,1050430.0,524190.0,22100,9102100,18697900,1543000
266,Italy,ITA,1983,1990.5,1990.5,47993.0,1990.5,80679.0,1188356.0,1165920.0,1053650.0,579810.0,20300,9381000,18399800,1710000
267,Italy,ITA,1984,1990.5,1990.5,51544.0,1990.5,70612.0,1181854.0,1218073.0,1029300.0,561830.0,18000,7951900,17400000,1561800
268,Italy,ITA,1985,1990.5,1990.5,55351.0,1990.5,69969.0,1204760.0,1186896.0,1006500.0,558850.0,20600,7412900,17132670,1643800
269,Italy,ITA,1986,1990.5,1990.5,54463.0,1990.5,67413.0,1180011.0,1172231.0,1016400.0,570150.0,20800,8108500,17410540,1702500
270,Italy,ITA,1987,1990.5,1990.5,54192.0,1990.5,70432.0,1174532.0,1230604.0,1059100.0,607100.0,18800,9415660,19219130,1792900
271,Italy,ITA,1988,1990.5,1990.5,53277.0,1990.5,72869.0,1165116.0,1269069.0,1079000.0,550270.0,22586,8938421,19890867,1742087
272,Italy,ITA,1989,1990.5,1990.5,54170.0,1990.5,79087.0,1145911.0,1295287.0,1081900.0,534410.0,22800,8169800,19771428,1634200
273,Italy,ITA,1990,1990.5,1990.5,57029.0,1990.5,84734.0,1165350.0,1333050.0,1105800.0,511720.0,20295,8251400,19186472,1467378
274,Italy,ITA,1991,1990.5,1990.5,58111.0,1990.5,84779.0,1181572.0,1332803.0,1099500.0,490180.0,19779,7946080,19679024,1421600
275,Italy,ITA,1992,1990.5,1990.5,62136.0,1990.5,86032.0,1217542.0,1341586.0,1105000.0,515669.96875,20400,7987241,20899946,1350494
276,Italy,ITA,1993,1990.5,1990.5,60310.0,1990.5,80826.0,1187744.0,1371346.0,1107100.0,528730.0,19000,6758351,19916519,1179575
277,Italy,ITA,1994,1990.5,1990.5,58147.0,1990.5,78897.0,1171219.0,1369250.0,1097080.0,454180.0,20100,8338301,20731020,1378940
278,Italy,ITA,1995,1990.5,1990.5,55910.0,1990.5,76498.0,1180935.0,1345560.0,1097100.0,487580.0,12357,7742800,21067676,1313300
279,Italy,ITA,1996,1990.5,1990.5,53709.0,1990.5,77551.0,1181985.0,1410300.0,1122500.0,405300.0,10291,7463968,20660952,1261600
280,Italy,ITA,1997,1990.5,1990.5,52988.0,1990.5,75793.0,1161061.0,1395816.0,1142600.0,478080.0,8600,6413300,19933158,1125700
281,Italy,ITA,1998,1990.5,1990.5,50415.0,1990.5,73265.0,1112740.0,1412189.0,1153900.0,489460.0,9631,7547763,21248429,1190326
282,Italy,ITA,1999,1990.5,1990.5,50411.0,1990.5,73439.0,1165509.0,1471702.0,1136400.0,467680.0,6940,6229453,17864361,1020800
283,Italy,ITA,2000,1990.5,1990.5,50689.0,1990.5,69051.0,1153402.0,1478500.0,1092300.0,385220.0,7851,8638721,23283207,1156620
284,Italy,ITA,2001,1990.5,1990.5,63000.0,1990.5,66179.0,1134083.0,1509640.0,1138800.0,415840.0,7876,7717129,21423171,1214054
285,Italy,ITA,2002,1990.5,1990.5,45500.0,59.0,62858.0,1135791.0,1535900.0,1172725.0,387040.0,8590,7181720,20206559,1282043
286,Italy,ITA,2003,1990.5,1990.5,44000.0,74.0,61575.0,1128221.0,1589890.0,951734.0,380770.0,8953,7170181,20350618,1225282
287,Italy,ITA,2004,1990.5,1990.5,48123.0,71.0,62847.0,1148278.0,1589889.0,987006.0,338260.0,10800,8855440,21613374,1236697
288,Italy,ITA,2005,1990.5,1990.5,33179.0,60.0,61550.0,1108062.0,1514747.0,998644.0,317580.0,11700,6534746,17705746,1049200
289,Italy,ITA,2006,1990.5,1990.5,41015.0,92.0,61438.0,1110299.0,1559243.0,905985.0,331370.0,13926,6849858,18502904,990700
290,Italy,ITA,2007,1990.5,1990.5,25050.0,100.0,61320.0,1122591.0,1603280.0,1016409.0,346320.0,14382,6641807,19521139,949480
291,Italy,ITA,2008,1990.5,1990.5,24565.0,56.0,59699.0,1059314.0,1606013.0,1104979.0,353740.0,16083,7654248,18594125,940234
292,Italy,ITA,2009,1990.5,1990.5,21560.0,77.0,59051.0,1055003.0,1628028.0,1131606.0,353180.0,14306,7312025,18214664,875552
293,Italy,ITA,2010,1990.5,1990.5,17883.0,118.0,54343.0,1075333.0,1673000.0,1167721.0,353180.0,11529,7141926,19396843,846142
294,Italy,ITA,2011,1990.5,1990.5,16527.0,75.0,49290.0,1011018.0,1601877.0,1202896.0,353180.0,13183,7394495,17694875,955131
295,Italy,ITA,2012,1990.5,1990.5,18125.0,89.0,47645.0,981660.0,1650837.0,1244039.0,346100.0,13170,8037872,18219221,988285
296,Italy,ITA,2013,1990.5,1990.5,15178.0,62.0,35466.0,853980.0,1652424.0,1215526.0,321200.0,11097,6966465,16251718,984281
297,Italy,ITA,2014,1990.5,1990.5,10898.0,69.0,26638.0,709427.0,1327822.0,1229503.0,361000.0,10960,7104650,16548350,1040990
298,Italy,ITA,2015,1990.5,1990.5,9971.0,67.0,35440.0,788277.0,1491414.0,1282284.0,388100.0,12880,6739470,16363450,1104990
299,Italy,ITA,2016,1990.5,1990.5,11742.0,75.0,32924.0,809656.0,1544132.0,1354077.0,377200.0,11820,6716180,16945440,1123730
300,Netherlands,NLD,1961,500.0,1990.5,13925.0,1990.5,7450.0,231850.0,383075.0,83300.0,353000.0,301069,482130,1926025,385077
301,Netherlands,NLD,1962,500.0,1990.5,10375.0,1990.5,8545.0,269275.0,399875.0,98413.0,314500.0,339047,603062,2178426,430996
302,Netherlands,NLD,1963,650.0,1990.5,8875.0,1990.5,7910.0,314200.0,406450.0,104800.0,323300.0,313260,530320,1947084,386835
303,Netherlands,NLD,1964,300.0,1990.5,8400.0,1990.5,6135.0,257325.0,415650.0,127598.0,323200.0,356167,712060,2115764,375753
304,Netherlands,NLD,1965,300.0,1990.5,7225.0,1990.5,11210.0,264825.0,489075.0,150650.0,300800.0,249996,704000,1779071,372764
305,Netherlands,NLD,1966,500.0,1990.5,5600.0,1990.5,9085.0,274575.0,496175.0,183000.0,321200.0,190381,598000,1623393,416450
306,Netherlands,NLD,1967,500.0,1990.5,5475.0,1990.5,8682.0,296525.0,557900.0,206000.0,348300.0,239077,738587,1840765,446679
307,Netherlands,NLD,1968,500.0,1990.5,5800.0,1990.5,8850.0,307775.0,627050.0,220000.0,343740.0,239081,678971,1653767,389478
308,Netherlands,NLD,1969,500.0,1990.5,6025.0,1990.5,8550.0,308800.0,616825.0,245000.0,325860.0,206532,677181,1617120,389393
309,Netherlands,NLD,1970,500.0,1990.5,5300.0,1990.5,11350.0,353450.0,700850.0,292000.0,350560.0,172347,643219,1363046,334300
310,Netherlands,NLD,1971,500.0,1990.5,3725.0,1990.5,11875.0,348275.0,794950.0,319000.0,284990.0,208977,705799,1511483,373111
311,Netherlands,NLD,1972,1000.0,1990.5,2575.0,1990.5,11275.0,298050.0,789500.0,328000.0,313090.0,151459,673482,1318841,339712
312,Netherlands,NLD,1973,1000.0,1990.5,2075.0,1990.5,10300.0,307725.0,812475.0,339000.0,324490.0,105212,724577,1359171,382651
313,Netherlands,NLD,1974,1000.0,1990.5,2250.0,1990.5,15700.0,395100.0,882100.0,314000.0,323770.0,77837,745883,1313654,314991
314,Netherlands,NLD,1975,1000.0,1990.5,3300.0,1990.5,17200.0,393200.0,892125.0,300000.0,340510.0,62815,527793,1092959,335924
315,Netherlands,NLD,1976,1000.0,1990.5,4600.0,1990.5,16800.0,392200.0,936025.0,313000.0,479770.0,65231,709585,1147603,263397
316,Netherlands,NLD,1986,0.0,7283.0,1948.0,1990.5,10891.0,539425.0,1443428.0,405091.0,544850.0,73541,661173,1121220,286554
317,Netherlands,NLD,1992,3000.0,10000.0,841.0,1990.5,17144.0,635000.0,1585477.0,575000.0,561970.0,67700,792250,1360650,355050
318,Netherlands,NLD,1993,2088.0,11000.0,792.0,1990.5,18267.0,611000.0,1746778.0,581000.0,496060.0,49300,835600,1285000,287750
319,Netherlands,NLD,1994,2010.0,11000.0,800.0,1990.5,16950.0,603000.0,1673300.0,613000.0,554910.0,38640,882174,1275159,257791
320,Netherlands,NLD,2000,1000.0,14225.0,823.0,1990.5,18536.0,471000.0,1622761.0,765925.0,502880.0,28616,882055,1274867,248531
321,Netherlands,NLD,2002,1200.0,12537.0,620.0,1990.5,16744.0,384000.0,1377121.0,756137.0,511770.0,26492,967300,1379392,247400
322,Netherlands,NLD,2003,1500.0,10899.0,541.0,1990.5,15658.0,365000.0,1252898.0,595899.0,476410.0,25674,1042914,1309118,176920
323,Netherlands,NLD,2004,2200.0,11901.0,507.0,1990.5,15105.0,386000.0,1298000.0,684378.0,530230.0,24650,1131329,1407092,191747
324,Netherlands,NLD,2005,0.0,18037.0,496.0,1990.5,13776.0,396008.0,1297281.0,704729.0,507240.0,19265,851034,1132319,197387
325,Netherlands,NLD,2007,1500.0,17012.0,597.0,1990.5,17767.0,385571.0,1289935.0,753012.0,458810.0,19468,940129,1263482,262191
326,Netherlands,NLD,1977,1990.5,4001.0,5050.0,1990.5,16028.0,385750.0,966800.0,318001.0,487080.0,24661,768850,1105446,261847
327,Netherlands,NLD,1978,1990.5,4733.0,4350.0,1990.5,16566.0,374700.0,1048425.0,314037.0,532880.0,28271,827139,1221241,302290
328,Netherlands,NLD,1979,1990.5,5046.0,4000.0,1990.5,18177.0,403100.0,1106674.0,320985.0,529430.0,33424,1046770,1367961,250712
329,Netherlands,NLD,1980,1990.5,4662.0,3300.0,1990.5,20856.0,418643.0,1125369.0,332516.0,522030.03125,36000,1076000,1388200,219000
330,Netherlands,NLD,1981,1990.5,5601.0,2600.0,1990.5,16508.0,437364.0,1194071.0,374701.0,510670.0,33515,944146,1339247,237921
331,Netherlands,NLD,1982,1990.5,6500.0,1944.0,1990.5,12730.0,420200.0,1211200.0,386121.0,550010.0,34395,1016791,1349658,204024
332,Netherlands,NLD,1983,1990.5,6500.0,1884.0,1990.5,11204.0,450268.0,1248310.0,363440.0,656720.0,41200,1035000,1466100,253000
333,Netherlands,NLD,1984,1990.5,5874.0,2003.0,1990.5,9541.0,514817.0,1306286.0,379539.0,623370.0,26500,981000,1354800,227600
334,Netherlands,NLD,1985,1990.5,5720.0,2561.0,1990.5,10734.0,510854.0,1411868.0,386502.0,571000.0,42500,1167000,1504900,202500
335,Netherlands,NLD,1987,1990.5,5399.0,1000.0,1990.5,10550.0,540000.0,1511000.0,420399.0,575210.0,38200,1268900,1659400,234800
336,Netherlands,NLD,1988,1990.5,6113.0,1000.0,1990.5,12600.0,507000.0,1631000.0,429113.0,518469.96875,27700,1063000,1450290,268290
337,Netherlands,NLD,1989,1990.5,7539.0,1000.0,1990.5,13650.0,486000.0,1606000.0,440539.0,592820.0,30300,1072000,1497400,214500
338,Netherlands,NLD,1990,1990.5,8600.0,907.0,1990.5,17032.0,521000.0,1661377.0,532600.0,600230.0,14000,851400,1367600,365000
339,Netherlands,NLD,1991,1990.5,9001.0,893.0,1990.5,16796.0,622802.0,1591130.0,547001.0,626760.0,29000,1142700,1732100,287800
340,Netherlands,NLD,1995,1990.5,11999.0,828.0,1990.5,15717.0,579972.0,1622074.0,640999.0,524270.03125,17000,990700,1671600,386800
341,Netherlands,NLD,1996,1990.5,12999.0,885.0,1990.5,18102.0,580100.0,1623971.0,715999.0,539390.0,16800,1056640,1655207,315300
342,Netherlands,NLD,1997,1990.5,14001.0,989.0,1990.5,15464.0,564700.0,1375578.0,731001.0,463690.0,17900,1130100,1739331,349067
343,Netherlands,NLD,1998,1990.5,14200.0,937.0,1990.5,16053.0,534700.0,1725049.0,761200.0,437880.0,16600,1223900,1748400,287600
344,Netherlands,NLD,1999,1990.5,15000.0,851.0,1990.5,17007.0,507600.0,1710743.0,758000.0,501360.0,10885,1174686,1705043,307100
345,Netherlands,NLD,2001,1990.5,12869.0,745.0,1990.5,19863.0,372000.0,1432470.0,770369.0,413900.0,10900,1184400,1674669,268700
346,Netherlands,NLD,2006,1990.5,17663.0,173.0,1990.5,15719.0,384000.0,1264897.0,696701.0,393390.0,11000,1018000,1547600,260000
347,Netherlands,NLD,2008,1990.5,16420.0,354.0,1990.5,14892.0,378383.0,1317705.0,762104.0,373960.0,8000,1366162,1963010,310200
348,Netherlands,NLD,2009,1990.5,18289.0,350.0,1990.5,15246.0,401752.0,1274980.0,839890.0,434360.0,11243,1402040,1994422,309619
349,Netherlands,NLD,2010,1990.5,17264.0,360.0,1990.5,14528.0,388610.0,1294000.0,855818.0,447180.0,10242,1369553,1803153,204444
350,Netherlands,NLD,2011,1990.5,17010.0,367.0,1990.5,14732.0,381559.0,1347166.0,915932.0,431870.0,6411,1175275,1609679,204702
351,Netherlands,NLD,2012,1990.5,17220.0,327.0,1990.5,14533.0,373531.0,1331731.0,966241.0,562590.0,9225,1302002,1730981,205912
352,Netherlands,NLD,2013,1990.5,13650.0,298.0,1990.5,13748.0,379100.0,1306950.0,1000074.0,562590.0,6706,1335105,1755536,208084
353,Netherlands,NLD,2014,1990.5,14897.0,371.0,1990.5,14280.0,376180.0,1370890.0,1022463.0,562590.0,7106,1304054,1700506,196925
354,Netherlands,NLD,2015,1990.5,16501.0,371.0,1990.5,14450.0,382520.0,1456220.0,1060420.0,502400.0,6161,1300085,1671654,229233
355,Netherlands,NLD,2016,1990.5,16144.0,376.0,1990.5,14360.0,416060.0,1452840.0,1102246.0,517880.0,5403,1016479,1355219,236231
356,Netherlands,NLD,2017,1990.5,17668.0,378.0,1990.5,14116.0,440639.0,1455677.0,1096490.0,537370.0,4385,1054151,1392686,204316
357,Netherlands,NLD,2018,1990.5,1990.5,1990.5,1990.5,14090.0,459210.0,1535920.0,1037790.0,577930.0,4340,961920,1315250,247500
358,Netherlands,NLD,2019,1990.5,1990.5,1990.5,1990.5,15530.0,424300.0,1628290.0,1036360.0,552640.0,5300,1130530,1541910,242370
359,Netherlands,NLD,2020,1990.5,1990.5,1990.5,1990.5,18540.0,432840.0,1661650.0,995750.0,507870.0,7590,931830,1364440,246190
360,Portugal,PRT,1961,1939.0,1990.5,2500.0,1990.5,20751.0,46239.0,84309.0,14715.0,563160.0,119248,429643,1483275,52051
361,Portugal,PRT,1962,1969.0,1990.5,2390.0,1990.5,21111.0,52251.0,79768.0,24439.0,507570.0,171446,645000,1764009,72100
362,Portugal,PRT,1963,2018.0,1990.5,2536.0,1990.5,20975.0,48930.0,80259.0,31962.0,460360.0,216017,591964,1665281,61167
363,Portugal,PRT,1964,2097.0,1990.5,2899.0,1990.5,24800.0,45597.0,75572.0,36785.0,462830.0,167442,471856,1537996,45531
364,Portugal,PRT,1965,2188.0,1990.5,2430.0,1990.5,25693.0,60903.0,75419.0,39125.0,439240.0,209080,612300,1595082,72013
365,Portugal,PRT,1966,2291.0,1990.5,2052.0,1990.5,23580.0,65095.0,81000.0,39402.0,446120.0,144611,323549,1347319,49700
366,Portugal,PRT,1967,2209.0,1990.5,1600.0,1990.5,23651.0,54672.0,87000.0,39679.0,478810.0,174837,651300,1790402,74200
367,Portugal,PRT,1968,1536.0,1990.5,1432.0,1990.5,20225.0,62233.0,95500.0,39966.0,430540.0,199179,762911,1941496,94300
368,Portugal,PRT,1969,1697.0,1990.5,1540.0,1990.5,21384.0,84858.0,102300.0,48522.0,377640.0,167279,470099,1555225,54800
369,Portugal,PRT,1970,1795.0,1990.5,1729.0,1990.5,22229.0,94106.0,93800.0,52700.0,345970.0,156954,564098,1676672,54400
370,Portugal,PRT,1971,1950.0,1990.5,2122.0,1990.5,20930.0,81152.0,97800.0,61748.0,307080.0,168459,808510,1928939,85000
371,Portugal,PRT,1972,2093.0,1990.5,1757.0,1990.5,20902.0,78553.0,105900.0,69486.0,252990.0,164400,620975,1669134,62600
372,Portugal,PRT,1973,2298.0,1990.5,1493.0,1990.5,24237.0,86197.0,111000.0,77654.0,244240.0,133797,533200,1529337,56800
373,Portugal,PRT,1974,2351.0,1990.5,1141.0,1990.5,24492.0,89462.0,115700.0,94133.0,271180.0,142834,546295,1524470,74700
374,Portugal,PRT,1975,2587.0,1990.5,1037.0,1990.5,24456.0,102323.0,129248.0,95000.0,263920.0,145900,610815,1602626,86700
375,Portugal,PRT,1976,2793.0,1990.5,988.0,1990.5,25561.0,85675.0,124621.0,110000.0,255790.0,164842,694137,1628897,117059
376,Portugal,PRT,1977,4099.0,1990.5,689.0,1990.5,26397.0,83848.0,140000.0,133773.0,250860.0,102727,229477,1017335,39597
377,Portugal,PRT,1978,4045.0,1990.5,825.0,1990.5,25812.0,96405.0,155000.0,117399.0,304970.0,122617,254700,1119802,44094
378,Portugal,PRT,1979,4186.0,1990.5,973.0,1990.5,21855.0,98630.0,160000.0,113309.0,320010.0,120170,252160,1134210,41150
379,Portugal,PRT,1980,4016.0,1990.5,982.0,1990.5,23925.0,102586.0,155000.0,145220.0,407230.0,138420,432775,1407823,53910
380,Portugal,PRT,1981,4198.0,1990.5,949.0,1990.5,23344.0,120882.0,177977.0,134550.0,391360.0,125740,318631,1089103,40815
381,Portugal,PRT,1982,4353.0,1990.5,1021.0,1990.5,25267.0,126923.0,178839.0,127750.0,348310.0,119440,427530,1291407,51478
382,Portugal,PRT,1983,4540.0,1990.5,1403.0,1990.5,26322.0,109662.0,175763.0,134350.0,333150.0,92462,329411,1145688,54294
383,Portugal,PRT,1984,4570.0,1990.5,1559.0,1990.5,25320.0,99433.0,183295.0,107465.0,329650.0,103440,467860,1469416,91184
384,Portugal,PRT,1985,4680.0,1990.5,1421.0,1990.5,24473.0,99772.0,174490.0,108264.0,331070.0,96860,397267,1379569,65311
385,Portugal,PRT,1986,4780.0,1990.5,1248.0,1990.5,25534.0,105004.0,171199.0,127163.0,302880.0,112393,501894,1656348,89722
386,Portugal,PRT,1987,4742.0,1990.5,1163.0,1990.5,25905.0,104608.0,199255.0,134386.0,298750.0,121682,534224,1719077,79548
387,Portugal,PRT,1988,4737.0,1990.5,1038.0,1990.5,27820.0,114568.0,183315.0,138546.0,273980.0,86112,405818,1465352,50821
388,Portugal,PRT,1989,4780.0,1990.5,1068.0,1990.5,27071.0,131111.0,210822.0,139931.0,269980.0,118975,618000,1833280,84437
389,Portugal,PRT,1990,5192.0,1990.5,919.0,1990.5,27811.0,116411.0,279323.0,129403.0,269100.0,96502,297691,1427010,78532
390,Portugal,PRT,1991,5228.0,1990.5,865.0,1990.5,30423.0,132689.0,262521.0,142000.0,233250.0,80358,618697,1789423,124104
391,Portugal,PRT,1992,5283.0,1990.5,784.0,1990.5,27469.0,127308.0,264588.0,199206.0,235360.0,69500,361963,1387311,63000
392,Portugal,PRT,1993,5465.0,1990.5,765.0,1990.5,26300.0,120426.0,307287.0,203128.0,216930.0,66727,421838,1478937,98500
393,Portugal,PRT,1994,5374.0,1990.5,651.0,1990.5,27287.0,95164.0,315625.0,220717.0,198430.0,63792,462536,1630319,96213
394,Portugal,PRT,1995,5264.0,1990.5,565.0,1990.5,26778.0,105016.0,305036.0,218255.0,201470.0,36263,359849,1394255,53058
395,Portugal,PRT,1996,4836.0,1990.5,699.0,1990.5,26175.0,100304.0,324583.0,231328.0,211140.0,53924,405826,1607468,69950
396,Portugal,PRT,1997,4655.0,1990.5,538.0,1990.5,27174.0,109538.0,330041.0,253045.0,220470.0,40689,329271,1509650,28792
397,Portugal,PRT,1998,4680.0,1990.5,598.0,1990.5,25641.0,96709.0,358610.0,280475.0,229000.0,32488,150938,1398328,26203
398,Portugal,PRT,1999,4244.0,1990.5,468.0,1990.5,24871.0,98214.0,373248.0,268589.0,227150.0,55615,352148,1655612,29304
399,Portugal,PRT,2000,4148.0,1990.5,372.0,1990.5,26258.0,100787.0,355422.0,273161.0,236970.0,46453,354710,1614404,36353
400,Portugal,PRT,2001,4200.0,1990.5,482.0,1990.5,24174.0,96312.0,342609.0,294567.0,263600.0,24195,153604,1303355,12597
401,Portugal,PRT,2002,4216.0,1990.5,341.0,1990.5,25889.0,106638.0,355956.0,287887.0,231600.0,34297,413031,1502831,20022
402,Portugal,PRT,2003,4243.0,1990.5,290.0,1990.5,24159.0,105772.0,354875.0,249564.0,205540.0,26955,149569,1191546,13028
403,Portugal,PRT,2004,4235.0,1990.5,245.0,1990.5,23569.0,119260.0,340279.0,268364.0,231270.0,27265,292866,1374973,26248
404,Portugal,PRT,2005,4240.0,1990.5,243.0,1990.5,23354.0,119019.0,352998.0,273583.0,224860.0,19747,81530,823082,26271
405,Portugal,PRT,2006,4242.0,1990.5,211.0,1990.5,24919.0,106087.0,365869.0,266617.0,208260.0,23803,249580,1197572,105552
406,Portugal,PRT,2007,4250.0,1990.5,200.0,1990.5,25968.0,91743.0,385864.0,291995.0,205790.0,22702,102258,1066037,80718
407,Portugal,PRT,2008,4235.0,1990.5,157.0,1990.5,22998.0,108540.0,404153.0,299937.0,194220.0,22214,203289,1311584,99827
408,Portugal,PRT,2009,4191.0,1990.5,149.0,1990.5,19446.0,102995.0,395970.0,309796.0,198090.0,19444,124146,1118225,72799
409,Portugal,PRT,2010,4212.0,1990.5,126.0,1990.5,19796.0,93159.0,407808.0,314027.0,194000.0,17553,82577,1019204,30620
410,Portugal,PRT,2011,4205.0,1990.5,178.0,1990.5,19643.0,96003.0,406814.0,310948.0,189560.0,18388,51003,1157421,21000
411,Portugal,PRT,2012,4198.0,1990.5,543.0,1990.5,19066.0,92988.0,384182.0,313826.0,189560.0,14784,58990,1178144,21151
412,Portugal,PRT,2013,4191.0,1990.5,547.0,1990.5,19071.0,84011.0,366414.0,314297.0,189560.0,18210,92014,1362407,32949
413,Portugal,PRT,2014,4181.0,1990.5,540.0,1990.5,10933.0,79843.0,381656.0,314185.0,957200.0,17629,98794,1333258,37914
414,Portugal,PRT,2015,4157.0,1990.5,606.0,1990.5,18843.0,88645.0,400296.0,329141.0,1025319.9375,15494,80393,1240203,44402
415,Portugal,PRT,2016,4169.0,1990.5,211.0,1990.5,18242.0,90704.0,399674.0,343176.0,1036470.0,15588,90017,1138085,46615
416,Portugal,PRT,2017,4164.0,1990.5,223.0,1990.5,16952.0,91187.0,377866.0,361365.0,1107190.0,14439,59610,1125906,55261
417,Portugal,PRT,2018,1990.5,10570.0,180.0,1990.5,16900.0,93790.0,383220.0,343860.0,1238990.0,17290,70110,1114440,62340
418,Portugal,PRT,2019,1990.5,10510.0,1990.5,1990.5,17920.0,92030.0,387920.0,350250.0,1241080.0,16790,77070,1163890,71650
419,Portugal,PRT,2020,1990.5,9620.0,1990.5,1990.5,15680.0,97780.0,379290.0,354190.0,1324230.0,17750,83500,1056070,61950
420,Spain,ESP,1961,9000.0,1990.5,7423.0,1990.5,114999.0,177546.0,239268.0,81500.0,1464570.0,351200,3438000,7501313,1743700
421,Spain,ESP,1962,9000.0,1990.5,7958.0,1990.5,114288.0,163160.0,245321.0,109600.0,1431980.0,452700,4819545,9274378,2161952
422,Spain,ESP,1963,9000.0,1990.5,7873.0,1990.5,114163.0,172467.0,311014.0,187400.0,1552170.0,423600,4865360,9418967,2070700
423,Spain,ESP,1964,9500.0,1990.5,7880.0,1990.5,128429.0,225438.0,316908.0,213600.0,1502940.0,346430,3981000,8306768,1926900
424,Spain,ESP,1965,10000.0,1990.5,8288.0,1990.5,133665.0,177462.0,266294.0,234400.0,1563340.0,348969,4719000,8872202,1891447
425,Spain,ESP,1966,10000.0,1990.5,6059.0,1990.5,132765.0,197863.0,366574.0,305600.0,1588650.0,325800,4881000,9233004,2006300
426,Spain,ESP,1967,10000.0,1990.5,6409.0,1990.5,133578.0,215208.0,416965.0,353350.0,1591660.0,335937,5654000,10671297,2575765
427,Spain,ESP,1968,10000.0,1990.5,7010.0,1990.5,131060.0,241421.0,419016.0,350540.0,1598280.0,355100,5315000,11583861,3440975
428,Spain,ESP,1969,11000.0,1990.5,6317.0,1990.5,129584.0,255786.0,436248.0,385800.0,1599200.0,344900,4626000,11452764,3877300
429,Spain,ESP,1970,12000.0,1990.5,6560.0,1990.5,139782.0,308159.0,491749.0,499000.0,1526340.0,258800,4062000,10258842,3103200
430,Spain,ESP,1971,12000.0,1990.5,6671.0,1990.5,136396.0,323620.0,475065.0,477000.0,1542150.0,271800,5449700,13686715,4784700
431,Spain,ESP,1972,12000.0,1990.5,6548.0,1990.5,137219.0,302500.0,461242.0,554000.0,1353300.0,263400,4562500,12076709,4358300
432,Spain,ESP,1973,12000.0,1990.5,5769.0,1990.5,143854.0,371200.0,588516.0,600000.0,1368980.0,252100,3967300,11641386,4402200
433,Spain,ESP,1974,11000.0,1990.5,4551.0,1990.5,155124.0,416000.0,710131.0,608000.0,1391690.0,254000,4534600,13275231,5404000
434,Spain,ESP,1975,11000.0,1990.5,4494.0,1990.5,148200.0,453600.0,601919.0,631000.0,1460970.0,240500,4302900,14206900,6728000
435,Spain,ESP,1976,12000.0,1990.5,4835.0,1990.5,145800.0,418100.0,648812.0,695600.0,1404070.0,213900,4436200,12771144,5472900
436,Spain,ESP,1977,12000.0,1990.5,5233.0,1990.5,144200.0,430800.0,734516.0,734600.0,1437310.0,227700,4064100,13949322,6766000
437,Spain,ESP,1978,10000.0,1990.5,6056.0,1990.5,142050.0,391120.0,803024.0,754600.0,1485020.0,250600,4806100,16339367,8068307
438,Spain,ESP,1979,14649.0,1990.5,5761.0,1990.5,131800.0,394300.0,939418.0,746700.0,1496370.0,221000,4082300,13884855,6251700
439,Spain,ESP,1980,14346.0,1990.5,6452.0,1990.5,182071.0,421549.0,1182308.0,761900.0,1531130.0,283900,6039500,18665639,8705000
440,Spain,ESP,1981,12626.0,1990.5,6392.0,1990.5,180529.0,417674.0,1224499.0,884800.0,1591200.0,212300,3408500,11576278,4757600
441,Spain,ESP,1982,14476.0,1990.5,5956.0,1990.5,192563.0,419926.0,1336365.0,853000.0,1522100.0,169100,4410300,13147918,5269800
442,Spain,ESP,1983,14253.0,1990.5,4933.0,1990.5,202078.0,421780.0,1342031.0,813000.0,1321320.0,252600,4267900,13758534,6662000
443,Spain,ESP,1984,14500.0,1990.5,5278.0,1990.5,206532.0,398418.0,1428660.0,789000.0,1289660.0,315100,6052300,21032473,10789100
444,Spain,ESP,1985,14500.0,1990.5,5308.0,1990.5,209775.0,400662.0,1387749.0,815200.0,1246520.0,272800,5328688,20972014,10698287
445,Spain,ESP,1986,14000.0,1990.5,4812.0,1990.5,211444.0,439661.0,1398642.0,759500.0,1212090.0,219882,4392000,16519723,7431014
446,Spain,ESP,1987,14000.0,1990.5,5363.0,1990.5,224993.0,449534.0,1489268.0,795100.0,1272460.0,318784,5791000,20697404,9836230
447,Spain,ESP,1988,14000.0,1990.5,5158.0,1990.5,231262.0,450277.0,1722334.0,827500.0,1405290.0,357000,6514100,23833792,12070000
448,Spain,ESP,1989,15300.0,1990.5,5241.0,1990.5,221595.0,459259.0,1703492.0,830936.0,1406320.0,331700,5468200,19697663,9393900
449,Spain,ESP,1990,15200.0,1990.5,5823.0,1990.5,233813.0,513898.0,1788848.0,836000.0,1444570.0,267300,4773500,18761569,9382100
450,Spain,ESP,1991,8600.0,1990.5,4569.0,1990.5,243603.0,509284.0,1877366.0,880100.0,1558430.0,236900,5467700,19472661,9262486
451,Spain,ESP,1992,7000.0,1990.5,4930.0,1990.5,232963.0,539418.0,1917770.0,858000.0,1500080.0,207291,4357506,14495661,6105000
452,Spain,ESP,1993,7679.0,1990.5,4869.0,1990.5,240572.0,488000.0,2088821.0,835620.0,1365380.0,333181,4972971,17495717,9700797
453,Spain,ESP,1994,7621.0,1990.5,6277.0,1990.5,241312.0,483734.0,2124085.0,873804.0,1395870.0,206700,4302340,15249059,7415500
454,Spain,ESP,1995,7434.0,1990.5,5794.0,1990.5,242057.0,508492.0,2174820.0,924315.0,1135750.0,168300,3138700,11593293,5046600
455,Spain,ESP,1996,7258.0,1990.5,5961.0,1990.5,237765.0,564602.0,2356150.0,887370.0,1156950.0,295700,6040500,22385973,10697000
456,Spain,ESP,1997,6000.0,1990.5,7568.0,1990.5,245064.0,592252.0,2401140.0,906300.0,1104790.0,211753,4676290,19344464,8549540
457,Spain,ESP,1998,6869.0,1990.5,6180.0,1990.5,249724.0,650727.0,2744362.0,1051000.0,1073760.0,207400,5436300,22579122,10895300
458,Spain,ESP,1999,6841.0,1990.5,5705.0,1990.5,238218.0,661068.0,2893000.0,1002000.0,1253990.0,219700,5083800,18010899,7434300
459,Spain,ESP,2000,6820.0,1990.5,6525.0,1990.5,248819.0,651093.0,2904615.0,990000.0,1101530.0,220044,7293623,24581639,11063008
460,Spain,ESP,2001,6814.0,1990.5,7004.0,1990.5,251176.0,650841.0,2989146.0,1036979.0,1171310.0,101452,5007698,18078871,6249139
461,Spain,ESP,2002,6830.0,1990.5,5747.0,1990.5,252143.0,678838.0,3070116.0,1210464.0,1197030.0,176556,6822160,21742198,8362328
462,Spain,ESP,2003,6873.0,1990.5,4777.0,1990.5,250395.0,706369.0,3189508.0,1208769.0,1227630.0,184400,6290100,21445314,8698400
463,Spain,ESP,2004,6913.0,1990.5,5001.0,1990.5,244836.0,713886.0,3076120.0,1103584.0,1281630.0,162718,7096724,24842578,10639817
464,Spain,ESP,2005,7061.0,1990.5,4711.0,1990.5,237748.0,715329.0,3168039.0,1104122.0,1191440.0,129096,4026694,14241390,4626059
465,Spain,ESP,2006,7000.0,1990.5,4974.0,1990.5,225869.0,670048.0,3235241.0,1086248.0,1211150.0,164997,5521582,19088631,8136389
466,Spain,ESP,2007,7500.0,1990.5,4990.0,1990.5,213736.0,620166.0,3439442.0,1155351.0,1344610.0,261369,6436359,24538959,11945319
467,Spain,ESP,2008,7448.0,1990.5,6303.0,1990.5,166238.0,658332.0,3484363.0,1107197.0,1262590.0,283212,6714300,23995338,11261100
468,Spain,ESP,2009,7372.0,1990.5,6366.0,1990.5,133254.0,598431.0,3290571.0,1205466.0,1193280.0,180666,4804772,17894933,7295934
469,Spain,ESP,2010,7250.0,1990.5,7111.0,1990.5,141854.0,606596.0,3368921.0,1245362.0,1264820.0,258380,5941197,19880013,8154392
470,Spain,ESP,2011,7200.0,1990.5,11265.0,1990.5,141729.0,604113.0,3469345.0,1355066.0,1264820.0,366700,6876657,22097143,8287073
471,Spain,ESP,2012,7200.0,1990.5,15606.0,1990.5,131699.0,591319.0,3466323.0,1367597.0,1264820.0,256675,5189828,17547278,5956300
472,Spain,ESP,2013,7200.0,1990.5,11668.0,1990.5,127201.0,580840.0,3431214.0,1278179.0,881440.0,384300,7744900,25366791,10005000
473,Spain,ESP,2014,7053.0,1990.5,11530.0,1990.5,122842.0,585218.0,3555606.0,1367618.0,931300.0,290970,6471400,20581146,6983109
474,Spain,ESP,2015,6801.0,1990.5,12940.0,1990.5,124984.0,626104.0,3854658.0,1373682.0,950800.0,331930,6362694,20149310,6705106
475,Spain,ESP,2016,6819.0,1990.5,13088.0,1990.5,126958.0,637013.0,4181091.0,1518298.0,960740.0,377355,7873135,24056790,9176159
476,Spain,ESP,2017,6786.0,1990.5,11034.0,1990.5,125827.0,643861.0,4298789.0,1515374.0,1031310.0625,139178,4875957,16653669,5785944
477,Spain,ESP,2018,1990.5,5470.0,10194.0,1990.5,130610.0,669010.0,4530480.0,1561570.0,1054140.0,404280,8322510,25348920,9554160
478,Spain,ESP,2019,1990.5,5600.0,9632.0,1990.5,131760.0,695170.0,4641160.0,1630610.0,1010930.0,261550,6041170,20589030,7744150
479,Spain,ESP,2020,1990.5,4650.0,1990.5,1990.5,125270.0,677740.0,5003430.0,1632010.0,1026040.0625,407620,8143510,27320900,11465350
480,United Kingdom,GBR,1961,2000.0,12300.0,2310.0,200.0,268190.0,907472.0,695022.0,324625.0,1069670.0,18289,2614000,9721851,5053833
481,United Kingdom,GBR,1962,3000.0,11100.0,2310.0,200.0,254952.0,919519.0,774291.0,333925.0,1093370.0,17178,3974000,11790944,5865657
482,United Kingdom,GBR,1963,3000.0,11100.0,2310.0,200.0,245921.0,946485.0,791499.0,335425.0,1096250.0,22353,3046000,11364849,6704914
483,United Kingdom,GBR,1964,3000.0,12300.0,2310.0,200.0,257042.0,878268.0,829967.0,358500.0,1074030.0,25401,3793000,12799102,7522834
484,United Kingdom,GBR,1965,3000.0,13600.0,2310.0,200.0,245864.0,834319.0,916469.0,377300.0,1128090.0,21337,4171000,13716688,8191000
485,United Kingdom,GBR,1966,3000.0,14800.0,2310.0,200.0,270987.0,868575.0,874521.0,425000.0,1075700.0,11177,3475645,13439265,8730350
486,United Kingdom,GBR,1967,3000.0,14800.0,3080.0,200.0,262641.0,923530.0,800180.0,462000.0,969610.0,12193,3903807,14649718,9221300
487,United Kingdom,GBR,1968,4000.0,16300.0,3080.0,400.0,247427.0,907603.0,835222.0,530800.0,1027189.9375,11177,3470000,13142810,8277503
488,United Kingdom,GBR,1969,4000.0,13800.0,3080.0,500.0,207881.0,873553.0,897294.0,556800.0,999090.0,11177,3364750,13580196,8670401
489,United Kingdom,GBR,1970,2000.0,13600.0,3080.0,500.0,228100.0,947000.0,920905.0,577900.0,1031900.0,13209,4237460,13267110,7534893
490,United Kingdom,GBR,1971,3100.0,15500.0,3080.0,600.0,226490.0,937000.0,983922.0,588100.0,909130.0,18289,4816560,14975270,8564794
491,United Kingdom,GBR,1972,3100.0,17000.0,3080.0,695.0,220990.0,905000.0,980526.0,660775.0,847840.0,19305,4781540,15533794,9251000
492,United Kingdom,GBR,1973,3200.0,17600.0,3080.0,995.0,233101.0,854000.0,980310.0,665440.0,882990.0,16000,5004535,15316018,9013000
493,United Kingdom,GBR,1974,3400.0,15500.0,3080.0,795.0,252381.0,1072000.0,977709.0,653260.0,912250.0,14000,6131587,16394537,9140100
494,United Kingdom,GBR,1975,3500.0,14000.0,3080.0,500.0,259020.0,1215000.0,816361.0,629352.0,852040.0,19000,4488000,13936000,8513000
495,United Kingdom,GBR,1976,3700.0,15000.0,5236.0,600.0,245100.0,1057000.0,851600.0,694227.0,845950.0,20000,4740000,13263000,7648000
496,United Kingdom,GBR,1977,3900.0,14000.0,8008.0,805.0,223000.0,1022000.0,905000.0,720181.0,898650.0,35404,5274163,16726567,10531000
497,United Kingdom,GBR,1978,3900.0,15000.0,6006.0,800.0,227500.0,1028000.0,877800.0,729357.0,857720.0,30000,6610000,17262000,9850000
498,United Kingdom,GBR,1979,3700.0,15000.0,4158.0,785.0,231000.0,1047000.0,935000.0,752497.0,954160.0,25000,7168000,17416895,9623000
499,United Kingdom,GBR,1980,3800.0,16206.0,4312.0,770.0,277000.0,1102000.0,926000.0,754389.0,946000.0,24000,8470000,19472785,10320000
500,United Kingdom,GBR,1981,3859.0,16125.0,6006.0,835.0,259000.0,1041000.0,925000.0,745850.0,914970.0,25000,8710000,19629000,10230000
501,United Kingdom,GBR,1982,3923.0,17445.0,8008.0,915.0,264000.0,965000.0,955000.0,807913.0,817620.0,25000,10320000,21919000,10960000
502,United Kingdom,GBR,1983,3041.0,17553.0,7546.0,850.0,287000.0,1038000.0,1007000.0,788293.0,858870.0,24000,10800000,21305600,9980000
503,United Kingdom,GBR,1984,3577.0,16800.0,6822.0,845.0,288000.0,1152000.0,947000.0,811445.0,877270.0,28000,14970000,26614000,11064000
504,United Kingdom,GBR,1985,3557.0,17143.0,5167.0,825.0,304000.0,1179000.0,970700.0,873901.0,936790.0,35000,12046000,22486000,9740000
505,United Kingdom,GBR,1986,3441.0,18353.0,4243.0,875.0,289544.0,1062037.0,983328.0,942670.0,970180.0,32000,13911000,24509000,10014000
506,United Kingdom,GBR,1987,4278.0,17920.0,3781.0,920.0,295694.0,1118256.0,1007081.0,986968.0,1010600.0,32000,11940000,21698000,9230000
507,United Kingdom,GBR,1988,5399.0,18632.0,2703.0,1000.0,321940.0,946101.0,1016593.0,1048190.0,985660.0,34000,11720000,21063000,8710000
508,United Kingdom,GBR,1989,5565.0,23687.0,2333.0,3125.0,366109.0,977789.0,939285.0,974091.0,1029310.0625,36000,14033000,22728932,8072655
509,United Kingdom,GBR,1990,5666.0,25114.0,1848.0,3357.0,370226.0,1001743.0,946080.0,988998.0,1067170.0,40000,14033000,22569000,7897000
510,United Kingdom,GBR,1991,5831.0,23044.0,1848.0,3121.0,385461.0,1019566.0,978980.0,1037221.0,1001980.0,49000,14362419,22629199,7624000
511,United Kingdom,GBR,1992,5900.0,28000.0,1848.0,2869.0,401000.0,973000.0,1002000.0,1233869.0,914490.0,37112,14093267,22057171,7360000
512,United Kingdom,GBR,1993,6000.0,28000.0,1925.0,2996.0,402000.0,888000.0,1023000.0,1295996.0,947520.0,29907,12890070,19481622,6038000
513,United Kingdom,GBR,1994,5799.0,28000.0,2156.0,3000.0,395000.0,947000.0,1061000.0,1364000.0,915180.0,43000,13314154,19945396,5945000
514,United Kingdom,GBR,1995,5500.0,30000.0,2310.0,2000.0,394000.0,1002000.0,1017000.0,1405000.0,832850.0,43000,14309981,21859745,6834000
515,United Kingdom,GBR,1996,5000.0,35000.0,2464.0,3000.0,373000.0,710000.0,1004000.0,1462000.0,868300.0,51000,16071178,24510178,7753000
516,United Kingdom,GBR,1997,4922.0,38000.0,2464.0,3000.0,342000.0,688000.0,1091000.0,1520000.0,850070.0,53000,15018248,23523248,7828000
517,United Kingdom,GBR,1998,4500.0,40000.0,2618.0,2700.0,375000.0,699000.0,1135000.0,1545900.0,803240.0,47000,15449029,22767929,6623000
518,United Kingdom,GBR,1999,5000.0,41000.0,3003.0,2900.0,392000.0,679000.0,1042000.0,1524800.0,802060.0,43000,14866478,22123808,6581000
519,United Kingdom,GBR,2000,5001.0,40500.0,3080.0,2900.0,383000.0,705000.0,899000.0,1513200.0,782150.0,44000,16703526,23988441,6492000
520,United Kingdom,GBR,2001,4985.0,47301.0,3080.0,2797.0,267000.0,645000.0,777000.0,1566828.0,777160.0,23000,11580107,18958946,6660000
521,United Kingdom,GBR,2002,4968.0,43540.0,3080.0,2783.0,307000.0,694000.0,774000.0,1556275.0,823310.0,29000,15972556,22965900,6128000
522,United Kingdom,GBR,2003,4952.0,43228.0,3080.0,2876.0,303000.0,699000.0,716000.0,1569489.0,811210.0,25200,14281852,21494212,6360000
523,United Kingdom,GBR,2004,4934.0,38538.0,3080.0,2923.0,312000.0,719000.0,708000.0,1563973.0,847080.0,32500,15473000,22009971,5799000
524,United Kingdom,GBR,2005,4917.0,41654.0,3080.0,2935.0,331000.0,762000.0,706000.0,1584409.0,845140.0,39500,14863000,20994000,5495000
525,United Kingdom,GBR,2006,4900.0,40520.0,3234.0,3085.0,333500.0,847281.0,696549.0,1516272.0,978390.0,42700,14755222,20840385,5239000
526,United Kingdom,GBR,2007,4883.0,35369.0,3080.0,2381.0,329500.0,882000.0,739000.0,1459259.0,929180.0,34200,13220620,19123516,5079000
527,United Kingdom,GBR,2008,4866.0,33082.0,3080.0,1950.0,331600.0,862000.0,740000.0,1429531.0,909060.0,31542,17227051,24282470,6144000
528,United Kingdom,GBR,2009,4850.0,29991.0,3080.0,2254.0,313100.0,833000.0,720253.0,1458989.0,959210.0,36000,14075596,21619013,6668000
529,United Kingdom,GBR,2010,4833.0,29600.0,3080.0,2000.0,286800.0,908000.0,758000.0,1569600.0,959210.0,38000,14877835,20946145,5252000
530,United Kingdom,GBR,2011,4800.0,33000.0,3080.0,2000.0,300700.0,936000.0,806000.0,1559000.0,959210.0,37000,15257083,21484952,5494000
531,United Kingdom,GBR,2012,4810.0,32000.0,3080.0,1735.0,275000.0,885000.0,825000.0,1608735.0,1990.5,33000,13261000,19515045,5522000
532,United Kingdom,GBR,2013,4805.0,30200.0,3110.0,1619.0,289000.0,847000.0,833000.0,1661819.0,1990.5,35000,11921304,20083467,7092000
533,United Kingdom,GBR,2014,4789.0,32100.0,3142.0,1929.0,298000.0,877000.0,863000.0,1648029.0,1990.5,55899,16606009,24468841,6911000
534,United Kingdom,GBR,2015,4763.0,29200.0,3173.0,2770.0,302000.0,885000.0,900000.0,1733970.0,1990.5,56534,16444000,24734564,7370000
535,United Kingdom,GBR,2016,4737.0,29600.0,3173.0,2932.0,291000.0,915000.0,919000.0,1806532.0,1990.5,48563,14383000,21964131,6655000
536,United Kingdom,GBR,2017,4738.0,30600.0,3165.0,3029.0,299000.0,905000.0,903000.0,1840629.0,1990.5,50890,14837000,23000066,7169000
537,United Kingdom,GBR,2018,4751.0,30400.0,2988.0,2944.0,289000.0,922000.0,927000.0,1940344.0,1990.5,95366,13555000,21084346,6510000
538,United Kingdom,GBR,2019,4744.0,27900.0,2955.0,2680.0,307000.0,914000.0,957000.0,1887580.0,1990.5,74850,16225000,25517303,8048000
539,United Kingdom,GBR,2020,4736.0,22300.0,2973.0,2528.0,296000.0,932000.0,984000.0,1951828.0,1990.5,72450,9658000,18961989,8117000
